title,view,data
킹덤 시즌 2 | 티저 예고편 | Netflix,조회수 1196만회,1년 전
익스트랙션 | 3분 액션 폭주 미리보기 | Netflix,조회수 782만회,1년 전
킹덤 시즌 2 | Welcome 2020 | Netflix,조회수 621만회,1년 전
보건교사 안은영 | 공식 예고편 | Netflix,조회수 570만회,8개월 전
스위트홈 | 집 밖은 위험해 | Netflix,조회수 560만회,4개월 전
보건교사 안은영 | 공식 티저 예고편 | Netflix,조회수 531만회,8개월 전
페르소나 | 공식 예고편 [HD] | Netflix,조회수 461만회,2년 전
"빈센조 송중기, 전여빈, 옥택연이 온몸 던져 퀴즈를 맞힌 이유는? TMI 퀴즈 | 넷플릭스 [ENG SUB]",조회수 358만회,1개월 전
슬기로운 의사생활 | TMI 퀴즈 | Netflix,조회수 238만회,1년 전
스위트홈 x 1MILLION | 나란히 Choreography | Netflix,조회수 193만회,4개월 전
스위트홈 | 메인예고편 | Netflix,조회수 151만회,5개월 전
스위트홈 | 스위트홈을 완성하다 | Netflix,조회수 146만회,4개월 전
'스위트홈'의 달콤살벌한 TMI 현장!ㅣNetflix,조회수 140만회,4개월 전
"[긴급속보] 정체불명 거대 동물, 을지로 질주 소동",조회수 130만회,3년 전
이거시 ‘찐’리액션이다! '스위트홈' 비하인드썰ㅣNetflix,조회수 125만회,4개월 전
옥자를 찾습니다 ? Netflix,조회수 118만회,3년 전
옥자 - 공식 예고편 - Netflix,조회수 112만회,4년 전
킹덤 시즌 2 | 메인 예고편 | Netflix,조회수 110만회,1년 전
스위트홈 | 스위트홈의 문을 열다 | Netflix,조회수 94만회,5개월 전
킹덤 시즌 2 | TMI 인터뷰 | Netflix,조회수 90만회,1년 전
슬기로운 의사생활 | 1분 미션 | Netflix,조회수 89만회,1년 전
승리호 | 공식 예고편 | Netflix,조회수 88만회,4개월 전
킹덤 시즌 2 | 생사역 메이크오버 | Netflix,조회수 86만회,1년 전
지금까지 이런 승부욕은 없었다 스위트홈 TMI 퀴즈ㅣNetflix,조회수 83만회,4개월 전
"악귀도 잡고, 웃음도 잡고! 카운터즈의 불타오르는 TMI 퀴즈 현장!  | 경이로운 소문 | Netflix",조회수 80만회,3개월 전
킹덤 | 전세계 언어별 더빙 Ver. 스페셜 하이라이트 | Netflix,조회수 80만회,2년 전
낙원의 밤 | 공식 예고편 | Netflix,조회수 80만회,1개월 전
비밀의 숲 l 단독! 검경 갈등 말고 케미 터진 TMI퀴즈 l Netflix,조회수 77만회,7개월 전
스위트홈 X 비와이 | 스페셜 OST - 나란히 | Netflix,조회수 75만회,4개월 전
킹덤 시즌 2 | 도전! 킹덤벨 | Netflix,조회수 73만회,1년 전
라바 아일랜드 | 할로윈 스페셜 | Netflix,조회수 73만회,2년 전
기묘한 이야기 3 | 기묘한 이야기 with EXO - Stranger things with EXO - Teaser | Netflix,조회수 72만회,1년 전
보건교사 안은영 | 1분 미리보기 | 어린 은영의 이야기 | Netflix,조회수 71만회,8개월 전
인간수업 배우들도 새벽에 보는 넷플릭스 작품은? ㅣ 마이넷플리스트 ㅣ Netflix,조회수 70만회,11개월 전
스위트홈에서는 넷플릭스 뭐 보나?ㅣNetflix,조회수 67만회,3개월 전
An Interactive Journey | Sweet Home | 스위트홈  | Netflix,조회수 67만회,4개월 전
"이 말투 낯설지 않아, 마이사 ㅣ낙원의 밤ㅣ넷플릭스",조회수 66만회,1개월 전
킹덤: 아신전 | 2021년 넷플릭스에서 | Netflix,조회수 65만회,6개월 전
기묘한 이야기 3 | 기묘한 케이팝 with EXO - Stranger Things meets K-POP with EXO -  FULL | Netflix,조회수 65만회,1년 전
이야기가 있다. 이야기로 잇다. l NETFLIX,조회수 60만회,7개월 전
기묘한 이야기 3 | 기묘한 한국체험 with EXO - Stranger Tour with EXO - FULL  | Netflix,조회수 59만회,1년 전
내가 사랑했던 모든 남자들에게: P.S. 여전히 널 사랑해 | 2차 예고편 | Netflix,조회수 55만회,1년 전
승리호 | 티저 예고편 | Netflix,조회수 54만회,4개월 전
"악마는 사라지지 않는다, 톰 홀랜드 & 로버트 패틴슨 출연 | 공식 예고편 | Netflix 영화",조회수 53만회,9개월 전
킹덤 | 메인 예고편 [HD] | Netflix,조회수 53만회,2년 전
설국열차 | 메인 예고편 | 혁명 | Netflix,조회수 53만회,1년 전
킹덤 시즌 2 | '고립무원' 모션아트 | Netflix,조회수 50만회,1년 전
"송중기, 김태리, 진선규, 유해진이 직접 밝힌 도로시 썰??| 승리호 Space Sweepers | 넷플릭스",조회수 47만회,3개월 전
"전여빈의 신들린 MC 진행! 엄태구, 차승원 누가 이들을 움직이게 만들었나?  | 낙원의 밤 | 넷플릭스",조회수 47만회,1개월 전
"[김소현, 정가람, 송강] 좋아하면 울리는 시즌2 | 공식 예고편 | 넷플릭스",조회수 46만회,2개월 전
"송중기, 김태리 국민 MC 등극! 진선규, 유해진 찐 TMI 대방출??| 승리호 | 넷플릭스",조회수 46만회,2개월 전
킹덤 | 티저 예고편 [HD] | Netflix,조회수 46만회,2년 전
빈센조 까사노 변호사가 마피아 게임 피하려던 진짜 이유는? | 빈센조ㅣ넷플릭스,조회수 46만회,2개월 전
위쳐 | 메인 예고편 | NETFLIX,조회수 43만회,1년 전
마이사 + 차승원 화면을 씹어먹는 미친 연기력 | 낙원의 밤 | 넷플릭스,조회수 45만회,3주 전
내가 사랑했던 모든 남자들에게: P.S. 여전히 널 사랑해 | 공식 티저 예고편 | Netflix,조회수 42만회,1년 전
키싱 부스 3 | 곧 넷플릭스에서 | Netflix,조회수 41만회,9개월 전
[김소현/송강] 선오의 시선 끝엔 조조가 있다 | 좋아하면 울리는 시즌2 | Love alarm S2 | 넷플릭스,조회수 41만회,2개월 전
키싱 부스 2 | 공식 예고편 | Netflix,조회수 41만회,10개월 전
내가 사랑했던 모든 남자들에게 | 메인 예고편 [HD] | Netflix,조회수 40만회,2년 전
차인표 | 공식 예고편 | Netflix,조회수 40만회,5개월 전
"고아라, 이재욱이 난이도에 감탄하고 간 TMI 퀴즈ㅣ도도솔솔라라솔ㅣNetflix",조회수 39만회,6개월 전
블랙핑크: 세상을 밝혀라 | 공식 예고편 | Netflix,조회수 39만회,7개월 전
범인은 바로 너! 시즌 2 | 탐정력 테스트 | Netflix,조회수 38만회,1년 전
승리호 | 제작기 영상 | Netflix,조회수 38만회,3개월 전
"영화 《콜》  비하인드, 코멘터리로 탈탈 털어드립니다ㅣNetflix",조회수 37만회,5개월 전
좋아하면 울리는 | 메인 예고편 | Netflix,조회수 37만회,1년 전
킹덤 시즌 2 | 오마이갓 | Netflix,조회수 37만회,1년 전
킹덤 시즌 2 | 죽음이 온다 - 탐욕 | Netflix,조회수 37만회,1년 전
인간수업 | 메인 예고편 | Netflix,조회수 36만회,1년 전
유아인&박신혜도 밤새 보는 이 작품은? l 마이넷플리스트 l Netflix,조회수 36만회,8개월 전
스위트홈 | 티저예고편 | Netflix,조회수 35만회,6개월 전
에놀라 홈즈 | 공식 예고편 | Netflix,조회수 34만회,8개월 전
기묘한 이야기 4 | 러시아에서 온 기묘한 편지 | Netflix,조회수 33만회,1년 전
내가 사랑했던 모든 남자들에게 | 후속편 제작 확정 영상 [HD] | Netflix,조회수 32만회,2년 전
좋아하면 울리는 | 티저 예고편 | Netflix,조회수 32만회,1년 전
"보건교사 안은영 | ""이제는 말할 수 있다!"" 이상하고 아름다운 코멘터리 | NETFLIX",조회수 30만회,7개월 전
기묘한 이야기 | 시즌 3 NG 열전 | Netflix,조회수 30만회,1년 전
아미 오브 더 데드 | 공식 예고편 | Netflix,조회수 30만회,1개월 전
YG전자 | 메인 예고편 [HD] | Netflix,조회수 30만회,2년 전
내가 사랑했던 모든 남자들에게: 언제나 그리고 영원히 | 공식 예고편 | Netflix,조회수 30만회,4개월 전
범인은 바로 너! | 티저 예고편 | Netflix,조회수 29만회,3년 전
(스포주의) '시카고7' 해설과 함께 아내 자랑 대잔치 하고 간 장항준 감독｜넷플릭스를 해설하다ㅣNetflix,조회수 28만회,5개월 전
"전지적 선호 시점, 김선호가 말하는 스타트업 | 비하인드 썰",조회수 28만회,5개월 전
인간수업 | 제작기 영상 | Netflix,조회수 28만회,1년 전
기묘한 이야기 3 | 한국어 인사 영상 | Netflix,조회수 27만회,1년 전
킹덤 시즌 2 | 죽음이 온다 - 숙명 | Netflix,조회수 27만회,1년 전
퍼펙트 데이트 | 공식 예고편 [HD] | Netflix,조회수 26만회,2년 전
스위트홈 | 모션 아트 | Netflix,조회수 25만회,5개월 전
"Beat Bugs - ""Lucy in the Sky with Diamonds"" - Netflix",조회수 25만회,4년 전
설국열차 | 티저 예고편 | 계급 | Netflix,조회수 25만회,1년 전
"지평앓이의 최종판, 김선호 키워드 인터뷰 풀버전",조회수 25만회,5개월 전
킹덤 시즌 2 | 죽음이 온다 - 위기 | Netflix,조회수 24만회,1년 전
아케인 | 공식 공개 발표 | 넷플릭스,조회수 25만회,2주 전
우주를 뒤집어놓으셨다! 승리호 4인방의 입덕 포인트 모음.zip | 승리호 | NETFLIX,조회수 24만회,3개월 전
TMI퀴즈를 가장한 디스대잔치｜범인은 바로 너3｜Netflix,조회수 24만회,3개월 전
라바 아일랜드 | 공식 예고편 | Netflix,조회수 23만회,2년 전
"[좋아하면 울리는] 김소현, 송강! 화가 나서 미춰버릴 것 같은데, 스르르 풀리는 키스신 모음 | 넷플릭스",조회수 23만회,1개월 전
킹덤 시즌 2 | 죽음이 온다 - 피의 조선 | Netflix,조회수 23만회,1년 전
첫사랑은 처음이라서 | 공식 예고편 [HD] | Netflix,조회수 23만회,2년 전
유성화원 | 공식 예고편 | Netflix,조회수 22만회,2년 전
범인은 바로 너! | 공식 예고편 [HD] | Netflix,조회수 22만회,3년 전
킹덤 | 2차 예고편 [HD] | Netflix,조회수 22만회,2년 전
YG전자: 인간승리극장 | 특집 기획 [HD] | Netflix,조회수 22만회,2년 전
라바 아일랜드 | 티저 예고편 [HD] | Netflix,조회수 21만회,2년 전
"기묘한 이야기 3 | [스포주의??] 시즌 1,2 요약 | Netflix",조회수 21만회,1년 전
"러브, 데스 + 로봇 2부 | 공식 예고편 | Netflix",조회수 21만회,4주 전
킹덤 시즌 2 | 죽음이 온다 - 괴물 왕  | Netflix,조회수 21만회,1년 전
좋아하면 울리는 S2 | 심쿵 업데이트 제작기 | Netflix,조회수 21만회,2개월 전
올드 가드 | 공식 예고편 | Netflix,조회수 21만회,11개월 전
엄태구 '나한테 왜 이래?'하며 당황한 사연은? | 낙원의 밤 | 넷플릭스,조회수 21만회,1개월 전
스위트홈 | 오늘 공개 | Netflix,조회수 20만회,5개월 전
전여빈이 조폭 태구를 압도하는 방법ㅣ낙원의 밤ㅣ넷플릭스,조회수 21만회,1개월 전
"김소현, 송강과 함께한 팬보라 풀버전 다시보기 | 좋아하면 울리는 | 넷플릭스",조회수 20만회,2개월 전
정유미가 봉숭아물에 빠진 이유 | 보건교사 안은영 | 비하인드 썰 ※스포주의※ l Netflix,조회수 20만회,7개월 전
낙원의 밤 | 티저 예고편 | Netflix,조회수 20만회,2개월 전
"정유미, 남주혁의 사소하고 엉뚱한 TMI 퀴즈 l 보건교사 안은영ㅣNetflix",조회수 20만회,7개월 전
6 언더그라운드 - 라이언 레이놀즈 주연 | 공식 예고편 | Netflix,조회수 20만회,1년 전
"스위트홈 | 캐릭터 미리보기 #1: 현수, 두식, 길섭, 유리 | Netflix",조회수 19만회,5개월 전
폴라 | 공식 예고편 [HD] | Netflix,조회수 19만회,2년 전
