title,view,date
The Full Dustin and Suzie NeverEnding Story Scene | Stranger Things S3,조회수 3690만회,1년 전
The Grossest Big Mouth Moments | Big Mouth,조회수 2567만회,1년 전
Guppy's Best Moments | We Can Be Heroes | Netflix,조회수 1670만회,4개월 전
Riverdale | Official Trailer [HD] | Netflix,조회수 1283만회,4년 전
Riverdale | The Bromance-o-meter | Netflix,조회수 1275만회,4년 전
Husavik - My Home Town (Official Video) | Eurovision Song Contest: The Story of Fire Saga,조회수 1138만회,10개월 전
Sex Education Season 1 Bloopers,조회수 1036만회,2년 전
Ultraluminary (Official Video) | Over The Moon,조회수 876만회,7개월 전
Eurovision Song-Along (Official) - Iconic Contestants Join The Party,조회수 869만회,11개월 전
Eleven & Mike's Cutest Moments | Stranger Things S1-3,조회수 813만회,1년 전
Otis & Maeve: The Story So Far PART ONE | Sex Education,조회수 719만회,1년 전
Wednesday Addams Being The Ultimate Mood | Netflix,조회수 585만회,7개월 전
Volcano Man (Official Music Video) | EUROVISION SONG CONTEST: The Story Of Fire Saga | Netflix,조회수 581만회,1년 전
The Riverdale Cast As Memes | Netflix,조회수 493만회,4년 전
Grosjean's Insane Fireball Crash | Formula 1: Drive To Survive S3,조회수 491만회,2개월 전
Friends Send a Message To 2020,조회수 480만회,1년 전
Captain Holt Being GREAT at Human Interaction | Brooklyn Nine-Nine,조회수 465만회,1년 전
How They Made Elf | The Holiday Movies That Made Us,조회수 462만회,5개월 전
The Full Monica and Chandler Story | Friends,조회수 456만회,1년 전
All Eleven's Nosebleeds From S1 | Stranger Things,조회수 444만회,1년 전
Beth's Downward Spiral - The Queen's Gambit - Full Scene | Netflix,조회수 443만회,6개월 전
This Is Billy's Story | Stranger Things,조회수 432만회,1년 전
James Acaster On The Absurdity Of The British Empire,조회수 414만회,1년 전
The Full Robin & Steve Bathroom Coming Out Scene | Stranger Things S3,조회수 411만회,1년 전
A Steve & Dustin Friendship Appreciation Video | Stranger Things,조회수 401만회,1년 전
Cold Opens Season 05 | Brooklyn Nine-Nine,조회수 386만회,1년 전
ASMR: The Sex Education Cast Give You The Good Tingles,조회수 345만회,1년 전
Slo-Mo's Best Moments | We Can Be Heroes | Netflix,조회수 341만회,4개월 전
The Best of Maeve Wiley In Sex Education Season One,조회수 321만회,1년 전
TOP BOY | The Modie Story,조회수 319만회,1년 전
Aisling Bea Stand-Up: Irish Flirting Vs American Flirting,조회수 306만회,1년 전
The Bridgerton Cast Guess Regency Slang | Netflix,조회수 295만회,4개월 전
The First & Last lines Spoken In Friends | Netflix,조회수 285만회,1년 전
Husavik (My Home Town) | Molly Sand?n - The Real Voice Behind the Song | Eurovision,조회수 282만회,10개월 전
The Crown Season 4 | Official Teaser Trailer | Netflix,조회수 281만회,7개월 전
Sex Education Season 3 Announcement | Netflix,조회수 281만회,1년 전
The Full Ross & Rachel Story | Friends,조회수 274만회,1년 전
The Best of Erica From Stranger Things | Netflix,조회수 268만회,1년 전
Timoth?e vs Robert | The Epic Battle from The King I Netflix,조회수 263만회,1년 전
The Cobra Kai Cast's Epic Quiz Battle (Play Along At Home!),조회수 262만회,4개월 전
Brooklyn Nine-Nine | Battle of the Halloween Heists,조회수 255만회,1년 전
The Crown Cast Tell The Story Of Filming Season 4 | Netflix,조회수 254만회,6개월 전
Stranger Things - The Best Moments As Voted For By Fans,조회수 249만회,10개월 전
The Best Of Nicki Minaj On RuPaul's Drag Race,조회수 247만회,1년 전
Robert Sheehan & Tom Hopper Read Each Other Thirst Tweets | The Umbrella Academy | Netflix,조회수 246만회,2년 전
Elektra Reading A Transphobe For Filth - Full Scene | Pose,조회수 245만회,7개월 전
The First and Last Lines Spoken By OITNB Characters,조회수 243만회,1년 전
Beth Harmon's Final Chess Game | The Queen's Gambit - Full Scene,조회수 241만회,6개월 전
"""I Care About Her!"" Prince Charles and Princess Diana’s Explosive Fight Scene | The Crown",조회수 240만회,3개월 전
The Full Hopper's Letter Scene | Stranger Things S3,조회수 236만회,1년 전
Friends | Who Had the Most Partners? Everybody They Date,조회수 234만회,1년 전
What Ricky Gervais Hates About Flying,조회수 230만회,1년 전
Gillian Anderson Does ASMR | Sex Education,조회수 229만회,1년 전
Katherine Ryan Stand-Up | The Problem With Hamilton | Netflix,조회수 225만회,1년 전
Millie Bobby Brown + Louis Partridge Settle British Debates | Netflix,조회수 222만회,7개월 전
Big Mouth | The Very Best of Connie The Hormone Monstress,조회수 221만회,1년 전
You're Only One Story Away | Netflix,조회수 219만회,8개월 전
Sex Education Season 2 Bloopers,조회수 217만회,1년 전
Big Mouth | The Very Best of Maury The Hormone Monster,조회수 216만회,1년 전
Classic Teen Movie References in Sex Education,조회수 216만회,1년 전
First and Last Lines Spoken By The Big Bang Theory Characters,조회수 216만회,9개월 전
Adam & Eric: The Story So Far | Sex Education | Netflix,조회수 212만회,1년 전
Charles and Diana (+Camilla) - The Story So Far | The Crown,조회수 212만회,6개월 전
The Reason Ricky Gervais Won't Have Kids | Ricky Gervais: Humanity,조회수 212만회,1년 전
Charles and Diana Chat - Josh O'Connor and Emma Corrin | The Crown,조회수 210만회,6개월 전
Weirdly Similar Moments Between Stranger Things & Sex Education | Netflix,조회수 208만회,1년 전
The Final Ever Jane The Virgin Scene,조회수 206만회,1년 전
Too Hot To Handle - Every Hook Up That Cost Them Cash,조회수 207만회,1년 전
A Roadman Auditions For TOP BOY feat. Mo Gilligan,조회수 205만회,1년 전
After Life's Most Hilarious Bloopers And Outtakes | After Life | Netflix,조회수 204만회,2년 전
All Orgasms In Big Mouth | Netflix (NSFW),조회수 203만회,1년 전
Aisling Bea Stand-Up: Things People Only Say To Single Women,조회수 201만회,1년 전
Bridgerton - The “I Burn For You” Speech,조회수 202만회,4개월 전
Prince Philip’s Emotional Speech to Princess Diana (Full Scene) | The Crown,조회수 199만회,5개월 전
Brooklyn 99 - Every Cold Open From Season 6,조회수 196만회,1년 전
Sex Education Season 1 Recap | Netflix,조회수 195만회,1년 전
Ricky Gervais | Netflix 'Superfan' | Netflix,조회수 190만회,6년 전
A Night In With The Boys of Sex Education,조회수 187만회,1년 전
Timoth?e Chalamet and Lily-Rose Depp in The King: their scenes in full,조회수 185만회,1년 전
The Hobbit: The Desolation of Smaug | Trailer [UK & Ireland] | Netflix,조회수 184만회,6년 전
The First and Last Lines Spoken By BoJack Horseman Characters,조회수 183만회,1년 전
Ojo's Best Moments | We Can Be Heroes | Netflix,조회수 182만회,2개월 전
The Queen Meets Diana - Olivia Colman and Emma Corrin | The Crown,조회수 181만회,6개월 전
The Very Best Of Aimee From Sex Education | Netflix,조회수 181만회,1년 전
James Acaster Stand-up | A Word Men Have Never Heard | Netflix,조회수 180만회,1년 전
Breaking Bad's Most WTF Moments | Netflix,조회수 178만회,1년 전
Otis & Maeve: The Story So Far PART TWO | Sex Education,조회수 177만회,1년 전
Black Mirror - Season 3 | Official Trailer [HD] | Netflix,조회수 176만회,4년 전
Isn’t It Romantic | Official Trailer | Netflix,조회수 175만회,2년 전
EVERY Christmas Episode From Friends,조회수 174만회,1년 전
Tiger King - The WILDEST Moments,조회수 172만회,1년 전
1899 | The new show by the creators of DARK - Jantje Friese & Baran bo Odar | Netflix,조회수 168만회,3주 전
How Princess Diana Met Prince Charles | The Crown - Full Scenes,조회수 167만회,6개월 전
Beneath The Crown: The True Story of Charles & Diana’s Australia Tour,조회수 165만회,6개월 전
Joe and Love's Wolf Story | YOU,조회수 166만회,1년 전
Robert Sheehan and Tom Hopper Chat Nonsense on the Tube | The Umbrella Academy,조회수 165만회,2년 전
When Louis Theroux Met Joe Exotic | Tiger King,조회수 164만회,1년 전
The Olivia and Helena Interview | The Crown S3,조회수 160만회,1년 전
O Christmas Tree (Official Video) - The Ending of The Christmas Chronicles 2 | Netflix,조회수 159만회,5개월 전
The Sex Education Cast Can't Draw For S**t,조회수 154만회,1년 전
The Queen Tells Off Charles | The Crown,조회수 148만회,1년 전
Robin From Stranger Things Is Already Iconic,조회수 148만회,1년 전
The Best of Maeve & Aimee - Sex Education Friendship Goals,조회수 146만회,1년 전
Every Hook Up In Sex Education,조회수 146만회,1년 전
Who Is Nurse Ratched? The Story Of The Ultimate Villain | Netflix,조회수 146만회,8개월 전
Sex Education: The Most Iconic Couple Moments | Netflix,조회수 144만회,1년 전
Grace and Frankie | Story  [UK & Ireland] | Netflix,조회수 143만회,6년 전
The Story Of Princess Alice | The Crown,조회수 142만회,1년 전
Alexei Living His American Dream | Stranger Things,조회수 141만회,1년 전
Maeve's Abortion Story | Sex Education | Netflix,조회수 141만회,1년 전
The Many Sides Of Michael 'Mike' Whitehall | Jack Whitehall: Travels With My Father,조회수 141만회,1년 전
Casey and Izzie: A Relationship Timeline | Atypical,조회수 140만회,1년 전
The Eleven & Hopper Story | Stranger Things S1-3,조회수 138만회,1년 전
The Irishman's Stephen Graham on Filming THAT Scene With Pacino And De Niro,조회수 137만회,1년 전
Stranger Things 3 | Hawkins Pool Scene | Netflix,조회수 137만회,2년 전
Greg Davies On Being The World's Worst Teacher | Stand Up,조회수 137만회,11개월 전
Star Trek: Discovery | Season 2 Trailer [HD] | Netflix,조회수 136만회,2년 전
Better Call Saul | Series Trailer [HD] | Netflix,조회수 136만회,5년 전
Family Entertainment - Christmas 2014 [UK & Ireland] | Netflix,조회수 136만회,6년 전
Speaking Out Against Bikram Choudhury | Netflix Documentary,조회수 136만회,1년 전
